{
    "name":"map0",
    "type":"map",
    "TilemapJson":"Contents/MainGame/tiledmap.json",
    "player":{"type":"player",
              "pos":[400,128] //Posição Inicial
            },
            //as Chaves tem de vir antes das portas
            //porque chaves sao subject e portas sao observers
    "objects":[
        { "type":"keys\/key0",
            "pos":[400,100]
        },
        { "type":"doors\/door0",
            "pos":[640,128]
        },
        { "type":"doors\/door0",
            "pos":[672,128]
        },
        {
            "type":"teleporters\/tele0",
            "pos":[380,200]
        }
    ],
    "enemies":[
        {
            "type":"enemy0",
            "pos":[250,80]
        },
        {
            "type":"enemy0",
            "pos":[300,90]
        },
        {
            "type":"enemy0",
            "pos":[400,80]
        }
    ]
}
